Reversed left context;Reversed center;Left context;Center;Punct;Right context;Title;Author;Birthday;Header;Created;Sphere;Type;Topic;Publication;Publ_year;Medium;Ambiguity;Sentences;Words;Audience_age;Audience_level;Audience_size;Full context;Example source
 йынчукс ьдубин-йокак алавыргиан ыб акраН;нрюткон;Нарка бы наигрывала какой-нибудь скучный ;ноктюрн;, ;а я в это время медленно;Наринэ Абгарян. Всё о Манюне (сборник) (2012);Наринэ Абгарян;1971;Всё о Манюне (сборник);2012;художественная;роман;;Наринэ Абгарян. Всё о Манюне;2015;книга;омонимия не снята;20440;208156;детский;н-уровень;большая;Нарка бы наигрывала какой-нибудь скучный ноктюрн, а я в это время медленно внесла бы в комнату картину. ;24741:7638:5
 ларги тсинаип йымидивен ,еритравк йомеатибоен ежу;нрюткон;уже необитаемой квартире, невидимый пианист играл ;ноктюрн; ;соль минор (соч. 15 № 3) ;Владимир Савич. Табуретка мира // «Ковчег», 2012;Владимир Савич;;Табуретка мира;2012;художественная;роман;;«Ковчег»;2012;журнал;омонимия не снята;3403;32986;н-возраст;н-уровень;большая;Только за стенкой, в давно уже необитаемой квартире, невидимый пианист играл ноктюрн соль минор (соч. 15 № 3) ;60364:1794:11
 етевс мещажорд ее ирп ьташулсоп и;нрюткон;и послушать при ее дрожащем свете ;ноктюрн; ;Шопена! ;Николай Дежнев. Принцип неопределенности (2009);Николай Дежнев;1946;Принцип неопределенности;2009;художественная;роман;;Дежнев Николай. Принцип неопределенности;2009;книга;омонимия не снята;7022;90455;н-возраст;н-уровень;большая;Он… он хотел зажечь свечу и послушать при ее дрожащем свете ноктюрн Шопена! ;22512:1156:11
 етеанз ыВ;ынрюткон;Вы знаете ;ноктюрны; ;Шопена... ;Ж. Василенко, Э. Кушнир. «Надеюсь на свет...» // «Наука и жизнь», 2008;Ж. Василенко, Э. Кушнир;;«Надеюсь на свет...»;2008;публицистика | нехудожественная;статья;наука и технологии | биология | история | сельское хозяйство;«Наука и жизнь»;2008;журнал;омонимия не снята;183;2642;н-возраст;н-уровень;большая;Вы знаете ноктюрны Шопена... ;37693:121:2
 хабурт хынчотсодов ан ьтарги гом но;нрюткон;он мог играть на водосточных трубах ;ноктюрн;, -- ;так же можно из сложившихся дурных;М. К. Кантор. Медленные челюсти демократии (2008);М. К. Кантор;1957;Медленные челюсти демократии;2008;публицистика | нехудожественная;эссе;искусство и культура | политика и общественная жизнь;М. К. Кантор, «Медленные челюсти демократии»;2008;книга;омонимия не снята;11782;182784;н-возраст;н-уровень;большая;Так же точно, как некогда он мог играть на водосточных трубах ноктюрн, -- так же можно из сложившихся дурных обстоятельств все-таки построить -- вопреки здравому смыслу -- идеальные. ;22980:7712:11
 ыВ А;нрюткон;А Вы ;ноктюрн; ;сыграть могли бы на флейте водосточных;А Вы ноктюрн сыграть могли бы на флейте водосточных труб? (2004) // «Народное творчество», 16.08.2004;;;А Вы ноктюрн сыграть могли бы на флейте водосточных труб?;2004;публицистика | нехудожественная;статья;искусство и культура;«Народное творчество»;16.08.2004;журнал;омонимия не снята;50;781;н-возраст;н-уровень;средняя;А Вы ноктюрн сыграть могли бы на флейте водосточных труб? ;13198:0:2
 ьдубин-йокак етйаргыС;нрюткон;Сыграйте какой-нибудь ;ноктюрн; ;и во время игры расскажите тихонько;Музыкальные паузы режиссера Васильева (2003) // «Театральная жизнь», 26.05.2003;;;Музыкальные паузы режиссера Васильева;2003;публицистика | нехудожественная;рецензия;искусство и культура;«Театральная жизнь»;26.05.2003;газета;омонимия не снята;123;2190;н-возраст;н-уровень;средняя;Сыграйте какой-нибудь ноктюрн и во время игры расскажите тихонько, как вы сохранили молодость». ;5193:43:02
 ыв А«( икызум итсач оп мовтсротавон;нрюткон;новаторством по части музыки («А вы ;ноктюрн; ;сыграть могли бы на флейте водосточных;Владислав Быков, Ольга Деркач. Книга века (2000);Владислав Быков | Ольга Деркач;;Книга века;2000;публицистика | нехудожественная;монография;политика и общественная жизнь;Быков В., Деркач В. В. Книга века;2001;книга;омонимия не снята;16756;197679;н-возраст;н-уровень;большая;В 1914 году неутомимый Маяковский вслед за новаторством по части музыки («А вы ноктюрн сыграть могли бы на флейте водосточных труб?») выступил как модельер. ;35984:2310:13
 ыв А;нрюткон;А вы ;ноктюрн; ;сыграть могли бы на флейте водосточных;Е. Т. Яковлев. Эстетика (1999);Е. Т. Яковлев;;Эстетика;1999;учебно-научная | нехудожественная;учебное пособие;наука и технологии | философия | искусство и культура;Е. Т. Яковлев. Эстетика;2003;;омонимия не снята;5849;115180;н-возраст;н-уровень;большая;А вы ноктюрн сыграть могли бы на флейте водосточных труб? ;42345:3535:2
 ыв А;нрюткон;А вы ;ноктюрн; ;сыграть могли бы на флейте водосточных;Е. Т. Яковлев. Эстетика (1999);Е. Т. Яковлев;;Эстетика;1999;учебно-научная | нехудожественная;учебное пособие;наука и технологии | философия | искусство и культура;Е. Т. Яковлев. Эстетика;2003;;омонимия не снята;5849;115180;н-возраст;н-уровень;большая;А вы ноктюрн сыграть могли бы на флейте водосточных труб? ;42345:3564:2
 яашулс – ,)екьлиР ,авеатевЦ ,матшьледнаМ ,колБ ,вечтюТ;ынрюткон;Тютчев, Блок, Мандельштам, Цветаева, Рильке), – слушая ;ноктюрны; ;Шопена и фуги Баха или стоя;Г. С. Померанц. Записки гадкого утёнка (1998);Г. С. Померанц;1918;Записки гадкого утёнка;1998;публицистика | нехудожественная;мемуары;политика и общественная жизнь;Померанц Г. С. Записки гадкого утёнка;1998;книга;омонимия не снята;11144;126746;н-возраст;н-уровень;большая;До того как я научился читать книгу гор и вод, моим молитвенником была поэзия, и подлинные отношения с людьми складывались при чтении стихов (Тютчев, Блок, Мандельштам, Цветаева, Рильке), – слушая ноктюрны Шопена и фуги Баха или стоя перед «Чайками над Темзой» Клода Моне. ;42342:10123:29
 ыв А;нрюткон;А вы ;ноктюрн; ;сыграть смогли бы, ;Никита Богословский. Заметки на полях шляпы (1997);Никита Богословский;1913;Заметки на полях шляпы;1997;художественная;миниатюра;;Никита Богословский. Заметки на полях шляпы;1997;книга;омонимия не снята;4281;37735;н-возраст;н-уровень;большая;А вы ноктюрн сыграть смогли бы, ;53929:2503:2
 ьташулсорп елето-салаП в ястсаду ил орокс;нрюткон;скоро ли удастся в Палас-отеле прослушать ;ноктюрн; ;Des-dur Фредерика Шопена в исполнении;Николай Климонтович. La vie de jour (1996) // «Коммерсантъ-Daily», 20.01.1996;Николай Климонтович;;La vie de jour;1996;публицистика | нехудожественная;статья;искусство и культура;«Коммерсантъ-Daily»;20.01.1996;газета;омонимия не снята;66;1161;н-возраст;н-уровень;большая;"Когда теперь Ирочка Мелешкевич пригласит на елку в галерею «Манеж», а галерея «Роза Азора» -- на новогодний карнавал; и скоро ли удастся в Палас-отеле прослушать ноктюрн Des-dur Фредерика Шопена в исполнении Владимира Крайнева; долго теперь не попасть на улицу Грановского, где Новый год Международный фонд реабилитации и развития предприятий Российской Федерации встречал в новом офисе, недавно оклеенном чистыми светлыми обоями; и супруги Карагановы долго еще не попросят знакомых и близких на улицу Гоголя в Переделкино на новогодний хаш, ибо Новый год бывает очень и очень редко, один раз на триста шестьдесят пять дней; и не будет больше пятидесятилетнего юбилея писателя Евгения Попова, родившегося под знаком Козерога в далеком 1946-м в не более близком городе К. на сибирской реке Е., -- ни на улице имени газеты большевиков «Правда», ни на какой другой -- по той причине, что юбилей уже состоялся в истекающем январе. ";31101:9:24
 ыв А…« !eillof elleuq -- oid O;нрюткон;O dio -- quelle follie! «…А вы ;ноктюрн; ;сыграть могли бы ;М. Н. Коган. Дневник (1993);М. Н. Коган;1977;Дневник;1993;бытовая | нехудожественная;дневник, записные книжки;частная жизнь | путешествия | образование | искусство и культура;Кнорринг И. Н. Повесть из собственной жизни. Дневник. В 2 томах. М.: Аграф, 2009-2013.;2009-2013;книга;омонимия не снята;1175;8458;н-возраст;н-уровень;личная;Дни любви посвящены, Ночью царствуют стаканы, Мы же -- то смертельно пьяны, То мертвецки влюблены. O dio -- che smania -- O dio -- che piacere -- O dio -- che desinganno -- O dio -- quelle follie! «…А вы ноктюрн сыграть могли бы ;20647:456:32
 йыньлачеп ,йихит вашылсу ,ызелс ьтажредс алгомс;нрюткон;смогла сдержать слезы, услышав тихий, печальный ;ноктюрн; ;и увидев гроб в цветах под;Ольга Новикова. Женский роман (1993);Ольга Новикова;1950;Женский роман;1993;художественная;роман;;Новикова О. Мужской роман. Женский роман;2000;книга;омонимия не снята;5145;56498;н-возраст;н-уровень;большая;И все-таки не смогла сдержать слезы, услышав тихий, печальный ноктюрн и увидев гроб в цветах под большим лицом Кайсарова, уголок которого был перечеркнут траурной лентой. ;53672:4600:9
 ыв А;нрюткон;А вы ;ноктюрн; ;сыграть могли бы на флейте водосточных;Екатерина Маркова. Каприз фаворита (1990-2000);Екатерина Маркова;1946;Каприз фаворита;1990-2000;художественная;повесть;;Маркова Е. Каприз фаворита;2000;книга;омонимия не снята;3942;42594;н-возраст;н-уровень;большая;А вы ноктюрн сыграть могли бы на флейте водосточных труб?» Именно. ;53640:2332:2
 ыв А;нрюткон;А вы ;ноктюрн; ;сыграть могли бы на флейте водосточных;Екатерина Маркова. Каприз фаворита (1990-2000);Екатерина Маркова;1946;Каприз фаворита;1990-2000;художественная;повесть;;Маркова Е. Каприз фаворита;2000;книга;омонимия не снята;3942;42594;н-возраст;н-уровень;большая;А вы ноктюрн сыграть могли бы на флейте водосточных труб?» ;53640:2588:2
 ...ыв А;нрюткон;А вы... ;ноктюрн; ;сыграть могли бы на флейте водосточных;Екатерина Маркова. Каприз фаворита (1990-2000);Екатерина Маркова;1946;Каприз фаворита;1990-2000;художественная;повесть;;Маркова Е. Каприз фаворита;2000;книга;омонимия не снята;3942;42594;н-возраст;н-уровень;большая;А вы... ноктюрн сыграть могли бы на флейте водосточных труб?!» ;53640:2741:2
 ...ыв А;нрюткон;А вы... ;ноктюрн; ;сыграть могли бы на флейте водосточных;Екатерина Маркова. Каприз фаворита (1990-2000);Екатерина Маркова;1946;Каприз фаворита;1990-2000;художественная;повесть;;Маркова Е. Каприз фаворита;2000;книга;омонимия не снята;3942;42594;н-возраст;н-уровень;большая;А вы... ноктюрн сыграть могли бы на флейте водосточных труб?» Стас любил повторять эти строки, и они всегда объясняли многое... ;53640:3394:2
;нрюткоН;;Ноктюрн; (;это тот самый, с которого я;С. Т. Рихтер. Дневник (1988);С. Т. Рихтер;1915;Дневник;1988;бытовая | нехудожественная;дневник, записные книжки;искусство и культура | частная жизнь;Монсенжон Б. Рихтер. Диалоги. Дневники. М.: Классика-ХХI, 2002.;2002;книга;омонимия не снята;1042;4567;н-возраст;н-уровень;малая;Ноктюрн (это тот самый, с которого я начал свою фортепьянную профессию) слушать можно... ;21115:970:0
 ушипан я артваз ,тежом :ешуд ончувзос;нрюткон;созвучно душе: может, завтра я напишу ;ноктюрн;, ;а может, «блатную» песню. ;Александр Розенбаум. Бультерьер (1987-1998);Александр Розенбаум;1951;Бультерьер;1987-1998;публицистика | нехудожественная;интервью;;Александр Розенбаум. Бультерьер;2000;книга;омонимия не снята;4058;45972;н-возраст;н-уровень;большая;Пишу, как уже говорил, о том, что созвучно душе: может, завтра я напишу ноктюрн, а может, «блатную» песню. ;52916:741:13
 ьтарги лачан ,ыреВ с залг ядовс;нрюткон;сводя глаз с Веры, начал играть ;ноктюрн; ;Шопена, и над ресторанным залом поплыли;Эльдар Рязанов, Эмиль Брагинский. Вокзал для двоих (1983);Эльдар Рязанов | Эмиль Брагинский;1927|1921;Вокзал для двоих;1983;художественная;киноповесть;;Эльдар Рязанов, Эмиль Брагинский. Тихие омуты;1999;книга;омонимия не снята;2628;16986;н-возраст;н-уровень;большая;Не сводя глаз с Веры, начал играть ноктюрн Шопена, и над ресторанным залом поплыли нежные и щемящие звуки. ;52949:1774:7
 ьтаргыс ясларибос онволс ,онжен и овичмудаз;нрюткон;задумчиво и нежно, словно собирался сыграть ;ноктюрн; ;на извергающей воду флейте, у афиши;Ю. М. Нагибин. В те юные годы (1983);Ю. М. Нагибин;1920;В те юные годы;1983;художественная;повесть;;;;книга;омонимия не снята;1205;16175;н-возраст;н-уровень;очень большая;Он присутствовал на всех фотографиях -- большей частью в своей естественной печали, изредка улыбающийся, и тогда становилось еще печальней: топчущий лужи под косыми струями дождя, у гранитного подножия памятника, у витрины с крабами и коньяком, на трамвайной остановке, у водосточной трубы, глядя на нее так задумчиво и нежно, словно собирался сыграть ноктюрн на извергающей воду флейте, у афиши с просторным лицом актрисы, роняющей из огромных глаз дождевые слезы, на бульваре с черными, по-весеннему голыми деревьями, смотрящим вслед девушке. ;23426:854:50
 ливя отч ,умот онневтсечак теапутсу ен;ынрюткон;не уступает качественно тому, что явил ;ноктюрны; ;Шопена или симфонии Брамса. ;Ю. М. Нагибин. Дневник (1983);Ю. М. Нагибин;1920;Дневник;1983;публицистика | нехудожественная;дневник, записные книжки;;Юрий Нагибин. Дневник;1996;книга;омонимия не снята;1745;21575;н-возраст;н-уровень;очень большая;Они и представить себе не могут, что творческий акт, породивший «Сильву» (именно «Сильву», а не оперетты Оскара Штрауса или Оскара Фельцмана), не уступает качественно тому, что явил ноктюрны Шопена или симфонии Брамса. ;23415:895:27
 алачан ,ьтирев ьсяасапо ,ярев еН;нрюткон;Не веря, опасаясь верить, начала ;ноктюрн; ;нежнейший, на пианиссимо -- почтительная благородная тишина;Н. В. Кожевникова. Гарантия успеха (1980);Н. В. Кожевникова;1949;Гарантия успеха;1980;художественная;повесть;;Кожевникова Надежда. Гарантия успеха. М.: Аграф, 2004;2004;книга;омонимия не снята;1639;24153;н-возраст;н-уровень;большая;Не веря, опасаясь верить, начала ноктюрн нежнейший, на пианиссимо -- почтительная благородная тишина стояла вокруг. ;23176:798:5
 аларги анО;ынрюткон;Она играла ;ноктюрны; ;задумчиво, печально и наслаждаясь, как умела;Н. В. Кожевникова. Гарантия успеха (1980);Н. В. Кожевникова;1949;Гарантия успеха;1980;художественная;повесть;;Кожевникова Надежда. Гарантия успеха. М.: Аграф, 2004;2004;книга;омонимия не снята;1639;24153;н-возраст;н-уровень;большая;Она играла ноктюрны задумчиво, печально и наслаждаясь, как умела наслаждаться только играя для себя, чуть напевая, глуховато, сквозь стиснутые губы, что всегда как-то обостряло, усиливало в ней ощущение одиночества и той сладостной боли, от которой начинает теснить в груди. ;23176:800:2
 йиксмелраГ« ,акчод ,йаргыС;нрюткон;Сыграй, дочка, «Гарлемский ;ноктюрн;», -- ;сказала женщина. ;Б. Г. Стрельников. Тысяча миль в поисках души (1979);Б. Г. Стрельников;1923;Тысяча миль в поисках души;1979;публицистика | нехудожественная;очерк;политика и общественная жизнь | частная жизнь;Б. Г. Стрельников. Тысяча миль в поисках души;1979;книга;омонимия не снята;10566;108590;н-возраст;н-уровень;большая;Сыграй, дочка, «Гарлемский ноктюрн», -- сказала женщина. ;24380:862:3
« ласипереп ыцинечу иинадижо В;нрюткоН;В ожидании ученицы переписал «;Ноктюрн;». ;;В. А. Швец. Дневник (1978);В. А. Швец;1916;Дневник;1978;бытовая | нехудожественная;дневник, записные книжки;частная жизнь | искусство и культура | образование;Смирнов В. А. Реквием ХХ века: в 5-ти ч. Астропринт 2004--2013гг.;2004-2013;книга;омонимия не снята;3576;24427;н-возраст;н-уровень;личная;В ожидании ученицы переписал «Ноктюрн». ;21413:533:4
« аларги мотоП;нрюткоН;Потом играла «;Ноктюрн;» ;Шопена H-dur, Баркароллу и, наконец, Скрябина;В. А. Швец. Дневник (1978);В. А. Швец;1916;Дневник;1978;бытовая | нехудожественная;дневник, записные книжки;частная жизнь | искусство и культура | образование;Смирнов В. А. Реквием ХХ века: в 5-ти ч. Астропринт 2004--2013гг.;2004-2013;книга;омонимия не снята;3576;24427;н-возраст;н-уровень;личная;Потом играла «Ноктюрн» Шопена H-dur, Баркароллу и, наконец, Скрябина -- 9-ю сонату, поэму «Томления» и 5-ю сонату. ;21413:1160:2
« лавысипереп моречеВ;нрюткоН;Вечером переписывал «;Ноктюрн;». ;;В. А. Швец. Дневник (1978);В. А. Швец;1916;Дневник;1978;бытовая | нехудожественная;дневник, записные книжки;частная жизнь | искусство и культура | образование;Смирнов В. А. Реквием ХХ века: в 5-ти ч. Астропринт 2004--2013гг.;2004-2013;книга;омонимия не снята;3576;24427;н-возраст;н-уровень;личная;Вечером переписывал «Ноктюрн». ;21413:1862:2
 ьтаргыс -- огесв виторп атсеторп канз в;нрюткон;в знак протеста против всего -- сыграть ;ноктюрн; ;на их флейте. ;Саша Соколов. Школа для дураков (1976);Саша Соколов;1943;Школа для дураков;1976;художественная;роман;;Саша Соколов. Школа для дураков;2001;книга;омонимия не снята;2688;55268;н-возраст;н-уровень;большая;Затем доносились глухие удары, вызываемые быстрым соприкосновением массы дерева с оцинкованной массой деловой жести: вероятно один из спецшкольников, не желающий возвращаться в дом отца своего, методически бил палкой по водосточным трубам, пытаясь в знак протеста против всего -- сыграть ноктюрн на их флейте. ;24267:1813:38
 ушипан я яндогеС;нрюткон;Сегодня я напишу ;ноктюрн;... ;;А. И. Цветаева. Сказ о звонаре Московском (1976);А. И. Цветаева;1894;Сказ о звонаре Московском;1976;художественная;повесть;;Цветаева А. Сказ о звонаре московском;1983;книга;омонимия не снята;1773;20902;н-возраст;н-уровень;большая;Сегодня я напишу ноктюрн... ;22388:1002:3
 иласипаН;нрюткон;Написали ;ноктюрн;? ;;А. И. Цветаева. Сказ о звонаре Московском (1976);А. И. Цветаева;1894;Сказ о звонаре Московском;1976;художественная;повесть;;Цветаева А. Сказ о звонаре московском;1983;книга;омонимия не снята;1773;20902;н-возраст;н-уровень;большая;Написали ноктюрн? ;22388:1018:1
 тоттэ умме ьтасип нежлодд я мечазз;нрюткон;ззачем я ддолжен писать емму эттот ;ноктюрн;? -- ;произносит он непередаваемым тоном (в нем;А. И. Цветаева. Сказ о звонаре Московском (1976);А. И. Цветаева;1894;Сказ о звонаре Московском;1976;художественная;повесть;;Цветаева А. Сказ о звонаре московском;1983;книга;омонимия не снята;1773;20902;н-возраст;н-уровень;большая;А ззачем я ддолжен писать емму эттот ноктюрн? -- произносит он непередаваемым тоном (в нем свобода, за которую бьются века и нации!), -- ессли ему эттот ноктюрн нужен (пауза, за которой -- сады своеволья), -- ппусть он его пишет сам!.. ;22388:1022:7
 теарги онвад ежу но ,тежом ,ятох;ынрюткон;хотя, может, он уже давно играет ;ноктюрны; ;на флейте водосточных труб) Генрих Сапгир;Нина Воронель. Без прикрас. Воспоминания (1975-2003);Нина Воронель;1932;Без прикрас. Воспоминания;1975-2003;публицистика | нехудожественная;мемуары;;Н. Воронель. Без прикрас. Воспоминания;2003;книга;омонимия не снята;7182;126003;н-возраст;н-уровень;большая;В предисловии к книге поэт (во всяком случае, раньше я числила его в поэтах, хотя, может, он уже давно играет ноктюрны на флейте водосточных труб) Генрих Сапгир назвал «Видеомы» вершиной творчества А. Вознесенского: «В своих видеомах Андрей Вознесенский авангарднее самого себя. ;59979:5166:20
 оняьпетроф ан теарги вонохиТ кичвасарК;нрюткон;Красавчик Тихонов играет на фортепьяно ;ноктюрн; ;Шопена! ;А. Б. Гребнев. Дневник (1975);А. Б. Гребнев;1923;Дневник;1975;бытовая | нехудожественная;дневник, записные книжки;частная жизнь | политика и общественная жизнь | искусство и культура | путешествия;Гребнев А. Б. Дневник последнего сценариста 1945-2002. М: Русский импульс, 2021;2006;книга;омонимия не снята;321;2287;н-возраст;н-уровень;личная;Красавчик Тихонов играет на фортепьяно ноктюрн Шопена! ;20441:263:5
 ыв А;нрюткон;А вы ;ноктюрн; ;сыграть могли бы на флейте водосточных;Р. Б. Гуль. Котовский. Анархист ― маршал (1975);Р. Б. Гуль;1896;Котовский. Анархист ― маршал;1975;публицистика | нехудожественная;очерк | биография;;Роман Борисович Гуль. Котовский. Анархист ― маршал;1975;книга;омонимия не снята;1315;14771;н-возраст;н-уровень;большая;А вы ноктюрн сыграть могли бы на флейте водосточных труб?» ;22880:26:2
 йитерТ ларги я дог зереч ежу;нрюткон;уже через год я играл Третий ;ноктюрн; ;Шопена. ;В. А. Каверин. Освещенные окна (1974-1976);В. А. Каверин;1902;Освещенные окна;1974-1976;художественная;роман;;Каверин В. А. Освещенные окна;1976;книга;омонимия не снята;4761;64700;н-возраст;н-уровень;очень большая;Новый преподаватель Штегман появился в Пскове, сдержанный, вежливый, требовательный немец, -- и занятия пошли так успешно, что уже через год я играл Третий ноктюрн Шопена. ;23037:552:22
« ;нрюткоН; «;Ноктюрн;» ;слышу впервые. ;С. Т. Рихтер. Дневник (1973);С. Т. Рихтер;1915;Дневник;1973;бытовая | нехудожественная;дневник, записные книжки;искусство и культура | частная жизнь | путешествия;Монсенжон Б. Рихтер. Диалоги. Дневники. М.: Классика-ХХI, 2002.;2002;книга;омонимия не снята;635;3285;н-возраст;н-уровень;малая;Ноктюрн» слышу впервые. ;21100:587:0
 яянлопси ,чапиркс йынневтсдерсоп енаротсер моньлебенешеф мондо;нрюткон;одном фешенебельном ресторане посредственный скрипач, исполняя ;ноктюрн; ;Шопена, заметил, что один из клиентов;Коллекция анекдотов: музыка (1970-2000);;;Коллекция анекдотов: музыка;1970-2000;художественная;анекдот;;;;электронный текст;омонимия не снята;393;2458;взрослый;н-уровень;очень большая;В одном фешенебельном ресторане посредственный скрипач, исполняя ноктюрн Шопена, заметил, что один из клиентов при первых звуках скрипки перестал есть, а потом горько заплакал. ;55:274:7
 иларгИ;нрюткоН;Играли ;Ноктюрн; ;Свирского для трубы. ;В. А. Швец. Дневник (1969);В. А. Швец;1916;Дневник;1969;бытовая | нехудожественная;дневник, записные книжки;частная жизнь | искусство и культура | образование;Смирнов В. А. Реквием ХХ века: в 5-ти ч. Астропринт 2004--2013гг.;2004-2013;книга;омонимия не снята;3223;20412;н-возраст;н-уровень;личная;Играли Ноктюрн Свирского для трубы. ;21404:1670:1
« ларги сиб аН;нрюткоН;На бис играл «;Ноктюрн;» ;и «Вальс» Шопена. ;В. А. Швец. Дневник (1968);В. А. Швец;1916;Дневник;1968;бытовая | нехудожественная;дневник, записные книжки;частная жизнь | искусство и культура | образование;Смирнов В. А. Реквием ХХ века: в 5-ти ч. Астропринт 2004--2013гг.;2004-2013;книга;омонимия не снята;3082;19894;н-возраст;н-уровень;личная;На бис играл «Ноктюрн» и «Вальс» Шопена. ;21403:500:3
 ман ьтаргыс ьшечох ыТ;нрюткон;Ты хочешь сыграть нам ;ноктюрн;? ;;Евгений Велтистов. Глоток солнца (1967);Евгений Велтистов;1934;Глоток солнца;1967;художественная;повесть;;Велтистиов Е. С. Глоток солнца. Записки программиста Марта Снегова;1967;книга;омонимия не снята;5104;48886;подростковый;н-уровень;большая;Ты хочешь сыграть нам ноктюрн? ;24583:1388:4
 юарги я ,теН;нрюткон;Нет, я играю ;ноктюрн; ;на синхрофазотроне, -- говорит Ежик из-под кровати. ;Евгений Велтистов. Глоток солнца (1967);Евгений Велтистов;1934;Глоток солнца;1967;художественная;повесть;;Велтистиов Е. С. Глоток солнца. Записки программиста Марта Снегова;1967;книга;омонимия не снята;5104;48886;подростковый;н-уровень;большая;Нет, я играю ноктюрн на синхрофазотроне, -- говорит Ежик из-под кровати. ;24583:1390:3
 ыв А;нрюткон;А вы ;ноктюрн; ;сыграть могли бы на флейте водосточных;Ю. П. Анненков. Дневник моих встреч (1966);Ю. П. Анненков;1889;Дневник моих встреч;1966;публицистика | нехудожественная;мемуары;;Юрий Анненков. Дневник моих встреч;2001;книга;омонимия не снята;10555;149039;н-возраст;н-уровень;большая;А вы ноктюрн сыграть могли бы на флейте водосточных труб? ;59936:2716:2
 ыв А;нрюткон;А вы ;ноктюрн; ;сыграть смогли бы На флейте водосточных;Борис Левин. Инородное тело (1965-1994);Борис Левин;1938;Инородное тело;1965-1994;художественная;повесть;;Борис Левин. Инородное тело. Автобиографическая проза и поэзия;2002;книга;омонимия не снята;6957;75726;н-возраст;н-уровень;большая;А вы ноктюрн сыграть смогли бы На флейте водосточных труб?» ;59964:5504:2
 ьтаргыс ыт ыб алгомС;нрюткон;Смогла бы ты сыграть ;ноктюрн;? ;;Борис Левин. Инородное тело (1965-1994);Борис Левин;1938;Инородное тело;1965-1994;художественная;повесть;;Борис Левин. Инородное тело. Автобиографическая проза и поэзия;2002;книга;омонимия не снята;6957;75726;н-возраст;н-уровень;большая;Смогла бы ты сыграть ноктюрн? ;59964:5509:4
 енм йаргыС;нрюткон;Сыграй мне ;ноктюрн;, -- ;это я. ;Борис Левин. Инородное тело (1965-1994);Борис Левин;1938;Инородное тело;1965-1994;художественная;повесть;;Борис Левин. Инородное тело. Автобиографическая проза и поэзия;2002;книга;омонимия не снята;6957;75726;н-возраст;н-уровень;большая;Сыграй мне ноктюрн, -- это я. ;59964:5552:2
 ыв А;нрюткон;А вы ;ноктюрн; ;сыграть могли бы на этой треснувшей;В. П. Катаев. Трава забвенья (1964-1967);В. П. Катаев;1897;Трава забвенья;1964-1967;художественная;роман;;Валентин Катаев. «Трава забвенья»;1997;книга;омонимия не снята;3646;54750;н-возраст;н-уровень;большая;А вы ноктюрн сыграть могли бы на этой треснувшей бандуре?» ;52991:2912:2
 теянлопси анинелеЗ аннИ атетисревину огоксвоксоМ актнедутС;нрюткон;Студентка Московского университета Инна Зеленина исполняет ;ноктюрн; ;Шопена. ;Василий Аксенов. Коллеги (1962);Василий Аксенов;1932;Коллеги;1962;художественная;повесть;;Аксенов В. П. Апельсины из Марокко;2006;книга;омонимия не снята;6323;51374;н-возраст;н-уровень;большая;Студентка Московского университета Инна Зеленина исполняет ноктюрн Шопена. ;21800:5848:6
« йовс енм лавызакоп ассалк ог-9 зи;нрюткоН;из 9-го класса показывал мне свой «;Ноктюрн;». ;;В. А. Швец. Дневник (1961);В. А. Швец;1916;Дневник;1961;бытовая | нехудожественная;дневник, записные книжки;частная жизнь | искусство и культура | образование;Смирнов В. А. Реквием ХХ века: в 5-ти ч. Астропринт 2004--2013гг.;2004-2013;книга;омонимия не снята;1355;8888;н-возраст;н-уровень;личная;Кленко из 9-го класса показывал мне свой «Ноктюрн». ;21396:1210:7
« йикснибяркс ларгыс йиксвелигоМ;нрюткоН;Могилевский сыграл скрябинский «;Ноктюрн;» ;для левой руки и «Марш» из;В. А. Швец. Дневник (1957);В. А. Швец;1916;Дневник;1957;бытовая | нехудожественная;дневник, записные книжки;частная жизнь | искусство и культура | образование;Смирнов В. А. Реквием ХХ века: в 5-ти ч. Астропринт 2004--2013гг.;2004-2013;книга;омонимия не снята;1210;8345;н-возраст;н-уровень;личная;Могилевский сыграл скрябинский «Ноктюрн» для левой руки и «Марш» из «Трех апельсинов» Прокофьева. ;21392:962:3
« ларги но мотоП;нрюткоН;Потом он играл «;Ноктюрн;» ;Шопена E-dur. ;В. А. Швец. Дневник (1954);В. А. Швец;1916;Дневник;1954;бытовая | нехудожественная;дневник, записные книжки;частная жизнь | искусство и культура | образование;Смирнов В. А. Реквием ХХ века: в 5-ти ч. Астропринт 2004--2013гг.;2004-2013;книга;омонимия не снята;1293;9496;н-возраст;н-уровень;личная;Потом он играл «Ноктюрн» Шопена E-dur. ;21389:1080:3
« онтевцсеб ларги еляор моньлетитарвто ан мотяп;ынрюткоН;пятом на отвратительном рояле играл бесцветно «;Ноктюрны;» ;Дж. ;В. А. Швец. Дневник (1947);В. А. Швец;1916;Дневник;1947;бытовая | нехудожественная;дневник, записные книжки;частная жизнь | искусство и культура | здоровье и медицина;Смирнов В. А. Реквием ХХ века: в 5-ти ч. Астропринт 2004--2013гг.;2004-2013;книга;омонимия не снята;1513;10856;н-возраст;н-уровень;личная;В пятом на отвратительном рояле играл бесцветно «Ноктюрны» Дж. ;21382:48:7
« огонмен ьтасипаз оге ливатсаз авде я;нрюткоН;я едва заставил его записать немного «;Ноктюрн;». ;;В. А. Швец. Дневник (1945);В. А. Швец;1916;Дневник;1945;бытовая | нехудожественная;дневник, записные книжки;частная жизнь | искусство и культура | армия и вооруженные конфликты;Смирнов В. А. Реквием ХХ века: в 5-ти ч. Астропринт 2004--2013гг.;2004-2013;книга;омонимия не снята;1844;14455;н-возраст;н-уровень;личная;Вчера я едва заставил его записать немного «Ноктюрн». ;21380:998:7
« личнокО;нрюткоН;Окончил «;Ноктюрн;» ;для сюиты. ;В. А. Швец. Дневник (1944);В. А. Швец;1916;Дневник;1944;бытовая | нехудожественная;дневник, записные книжки;частная жизнь | искусство и культура | армия и вооруженные конфликты;Смирнов В. А. Реквием ХХ века: в 5-ти ч. Астропринт 2004--2013гг.;2004-2013;книга;омонимия не снята;3264;24155;н-возраст;н-уровень;личная;Окончил «Ноктюрн» для сюиты. ;21379:3083:1
« оген у личнок и ачивонитсуИ яирифроП;нрюткоН;Порфирия Иустиновича и кончил у него «;Ноктюрн;». ;;В. А. Швец. Дневник (1944);В. А. Швец;1916;Дневник;1944;бытовая | нехудожественная;дневник, записные книжки;частная жизнь | искусство и культура | армия и вооруженные конфликты;Смирнов В. А. Реквием ХХ века: в 5-ти ч. Астропринт 2004--2013гг.;2004-2013;книга;омонимия не снята;3264;24155;н-возраст;н-уровень;личная;Сегодня я был у Порфирия Иустиновича и кончил у него «Ноктюрн». ;21379:3131:10
« ларги я ыботч ,еж есв течоХ;нрюткоН;Хочет все же, чтобы я играл «;Ноктюрн;» ;Шопена, Глиэровские прелюдии. ;В. А. Швец. Дневник (1943);В. А. Швец;1916;Дневник;1943;бытовая | нехудожественная;дневник, записные книжки;частная жизнь | искусство и культура | армия и вооруженные конфликты;Смирнов В. А. Реквием ХХ века: в 5-ти ч. Астропринт 2004--2013гг.;2004-2013;книга;омонимия не снята;5286;39377;н-возраст;н-уровень;личная;Хочет все же, чтобы я играл «Ноктюрн» Шопена, Глиэровские прелюдии. ;21378:1363:6
« йынтремсоп ажроЖ ялд юавысипереп и амод;нрюткоН;дома и переписываю для Жоржа посмертный «;Ноктюрн;» ;Шопена. ;В. А. Швец. Дневник (1940);В. А. Швец;1916;Дневник;1940;бытовая | нехудожественная;дневник, записные книжки;частная жизнь | искусство и культура | образование;Смирнов В. А. Реквием ХХ века: в 5-ти ч. Астропринт, 2004--2013гг.;2004-2013;книга;омонимия не снята;876;7043;н-возраст;н-уровень;личная;Сейчас я сижу дома и переписываю для Жоржа посмертный «Ноктюрн» Шопена. ;21375:105:9
 ниробО ларгыс итсоньлатнемитнес ателан зеб еН;нрюткон;Не без налета сентиментальности сыграл Оборин ;ноктюрн; ;Шопена. ;Сакс Ганс. Лев Оборин (26.01.1939) // «Советское искусство». № 13 (593), 1939;Сакс Ганс;;Лев Оборин;26.01.1939;публицистика | нехудожественная;рецензия;искусство и культура;«Советское искусство». № 13 (593);1939;газета;омонимия не снята;13;176;н-возраст;н-уровень;большая;Не без налета сентиментальности сыграл Оборин ноктюрн Шопена. ;82722:10:6
 алавецнат ещиличу монтелаб в ялкаткепс огонксупыв;нрюткон;выпускного спектакля в балетном училище танцевала ;ноктюрн; ;Шопена, как она в следующем году;К. К. Вагинов. Бамбочада (1931);К. К. Вагинов;1899;Бамбочада;1931;художественная;роман;;Вагинов К. К. Полное собрание сочинений в прозе;1999;книга;омонимия не снята;2446;28914;н-возраст;н-уровень;большая;"Посреди лежала папка с рецензиями и некрологами, посвященными его дочери; в некрологах вспоминалось о том, как Варенька, будучи ученицей средних классов, во время выпускного спектакля в балетном училище танцевала ноктюрн Шопена, как она в следующем году исполняла с Даниловой и Наташидзе pas de trois из «Пахиты», что в сезоне 19... когда началась ее работа в труппе, успех Вареньки возрастал с каждым выступлением; следовало перечисление ролей и балетов, вспоминалось о том, что «Польку» Рахманинова из простенького танца Варенька превращала в богатейший мимический монолог; мелькали Виллиса в «Жизели», одалиска в «Корсаре», рыбачка в «Дочери фараона». ";128695:328:29
 ьтарги ьсалидас ано ,олыб ен огокин;ынрюткон;никого не было, она садилась играть ;ноктюрны; ;"Шопена и сонаты Бетховена; я, затаив";Андрей Белый. На рубеже двух столетий (1929);Андрей Белый;1880;На рубеже двух столетий;1929;художественная;мемуары;;Андрей Белый. На рубеже двух столетий;1989;книга;омонимия не снята;4187;129949;н-возраст;высокий;большая;"И, когда ушла Раиса Ивановна и унесла с собой сказки, уносившие меня на лебединых крыльях из тусклых будней, сама музыка лебедем спустилась над детской кроваткой моей; и я залетал на звуках; говорю: «музыка опустилась над детской кроваткою», потому что музыку воспринимал я, главным образом, вечерами; когда мать оставалась дома и у нас никого не было, она садилась играть ноктюрны Шопена и сонаты Бетховена; я, затаив дыхание, внимал из кроватки: и то, что я переживал, противопоставлялось всему, в чем я жил; пропадала драма нашей квартиры и мое тяжелое положение в ней; не существовало: ни профессоров, ни их «рациональных» объяснений, мне якобы вредных; не было и никакого «второго математика»; эволюция, Дарвин, цепкохвостая обезьяна имели смысл, власть, основание в том мире, где не было звуков: в мире дневном, в мире, обстающем кроватку; но после девяти часов вечера в кроватке под звуки музыки выступал иной мир. ";72829:1748:58
« и ыб алгитсоп ьтсачу еж-ат;ънрюткоН;та-же участь постигла бы и «;Ноктюрнъ;» ;и «Болеро», въ которыхъ испанскую танцовщицу;Валеріанъ Свѣтловъ. Испанскій танцовщикъ Эскудеро // «Театръ и жизнь», 1928;Валеріанъ Свѣтловъ;;Испанскій танцовщикъ Эскудеро;1928;публицистика | нехудожественная;заметка;искусство и культура;«Театръ и жизнь»;1928;журнал;омонимия не снята;53;847;н-возраст;высокий;средняя;И думаю та-же участь постигла бы и «Ноктюрнъ» и «Болеро», въ которыхъ испанскую танцовщицу изображала въ Парижской Оперѣ Ида Рубинштейнъ съ отсутствіемъ ритма, хореографической свѣто-тѣни и темперамента, если бы эти балеты попали въ Испанію. ;124746:22:8
 йы-41 тнемом тотэ в теянлопси оник;нрюткон;кино исполняет в этот момент 14-ый ;ноктюрн; ;Шопена… ;Н. Ф. Новиков. Дневник (1928);Н. Ф. Новиков;1903;Дневник;1928;бытовая | нехудожественная;дневник, записные книжки;частная жизнь | политика и общественная жизнь;;;электронное издание;омонимия не снята;1025;10336;н-возраст;н-уровень;личная;Скрипач оркестра кино исполняет в этот момент 14-ый ноктюрн Шопена… ;74549:930:8
 аларгыс анвортеП яьфоС ебьсорп йеом оП;нрюткон;По моей просьбе Софья Петровна сыграла ;ноктюрн; ;Шопена, ноктюрн Мендельсона из “Lommernachtraum” и;Н. Ф. Новиков. Дневник (1925);Н. Ф. Новиков;1903;Дневник;1925;бытовая | нехудожественная;дневник, записные книжки;частная жизнь | политика и общественная жизнь;;;электронное издание;омонимия не снята;1184;11557;н-возраст;н-уровень;личная;По моей просьбе Софья Петровна сыграла ноктюрн Шопена, ноктюрн Мендельсона из “Lommernachtraum” и оттуда же свадебный марш -- вещи довольно знакомые мне, потому что я сам когда-то пытался исполнять их и слышал в чужом исполнении. ;74546:1014:6
 арелссеК йокчод с ларги и ,теадап;нрюткон;падает, и играл с дочкой Кесслера ;ноктюрн;. ;;А. Н. Бенуа. Дневник (1923) // Бенуа А. Н. Дневник. 1916—1918. — М.: «Захаров», 2010. — 768 с. (3-е изд. — в 2016 г.), 2010|2001;А. Н. Бенуа;1870;Дневник;1923;бытовая;дневник, записные книжки;искусство и культура | частная жизнь;Бенуа А. Н. Дневник. 1916—1918. — М.: «Захаров», 2010. — 768 с. (3-е изд. — в 2016 г.);2010|2001;книга | журнал;омонимия не снята;5622;87683;н-возраст;н-уровень;личная;Профессор Зейберт -- душа общества, показывал фокусы со стоящей палкой, которая не падает, и играл с дочкой Кесслера ноктюрн. ;74083:4829:17
 йишдешод ируб од тсинаип лавробо модрокка;нрюткон;аккордом оборвал пианист до бури дошедший ;ноктюрн; ;и снова заплакал и полился нежной;П. Н. Краснов. От Двуглавого Орла к красному знамени (книга 1) (1922);П. Н. Краснов;1869;От Двуглавого Орла к красному знамени (книга 1);1922;художественная;роман;;Краснов П. Н. От Двуглавого Орла к красному знамени: В 2 книгах. ― Кн. 1;2005;книга;омонимия не снята;24113;234866;н-возраст;н-уровень;большая;Сильным аккордом оборвал пианист до бури дошедший ноктюрн и снова заплакал и полился нежной мелодией и заговорил о тоске и молитве. ;76540:12203:7
 ьтямап ан ьтарги латс веажелоП;нрюткон;Полежаев стал играть на память ;ноктюрн;. ;;П. Н. Краснов. От Двуглавого Орла к красному знамени (книга 2) (1922);П. Н. Краснов;1869;От Двуглавого Орла к красному знамени (книга 2);1922;художественная;роман;;Краснов П. Н. От Двуглавого Орла к красному знамени: В 2 книгах. ― Кн. 2;2005;книга;омонимия не снята;20563;204317;н-возраст;н-уровень;большая;Полежаев стал играть на память ноктюрн. ;76541:17744:5
 теарги но морадеН;ынрюткон;Недаром он играет ;ноктюрны; ;на водосточной трубе. ;К. И. Чуковский. Ахматова и Маяковский (1921);К. И. Чуковский;1882;Ахматова и Маяковский;1921;публицистика | нехудожественная;статья;искусство и культура;А. А. Ахматова: Pro et contra;2001;книга;омонимия не снята;673;8255;н-возраст;н-уровень;средняя;Недаром он играет ноктюрны на водосточной трубе. ;73775:427:3
" ьтаргыс« охолп ьнечо ,онченок ,и ;»вомлох";нрюткон;"холмов»; и, конечно, очень плохо «сыграть ";ноктюрн; ;на флейтах водосточных труб». ;В. Г. Шершеневич. 2×2=5 (1920);В. Г. Шершеневич;1893;2×2=5;1920;публицистика | нехудожественная | учебно-научная;эссе | статья;искусство и культура | филология;Вадим Шершеневич. Листы имажиниста;1996;книга;омонимия не снята;648;8593;н-возраст;н-уровень;большая;"Хорошо сказать: «цепь холмов расковалась», потому что это усиливает метафору «цепь холмов»; и, конечно, очень плохо «сыграть ноктюрн на флейтах водосточных труб». ";128010:239:17
 аларги яаР адгоК;нрюткон;Когда Рая играла ;ноктюрн;, ;я думала... думала об Александре. ;М. Н. Вишневская. Дневник (1917);М. Н. Вишневская;1901;Дневник;1917;бытовая;дневник, записные книжки;частная жизнь;Вишневская М. Н. Дневник харьковской гимназистки 1917-1918 / Сост. А. Ф. Парамонов. Харьков: Харьковский частный музей городской усадьбы, 2007. 159 с;2007;книга;омонимия не снята;2696;22884;н-возраст;н-уровень;личная;Когда Рая играла ноктюрн, я думала... думала об Александре. ;74895:2473:3
 тинабараб репат йыннелмотУ;ынрюткон;Утомленный тапер барабанит ;ноктюрны; ;и вальсы, старое разбитое пианино дребезжит;А. А. Селиванов. Женщина с озера // «Пробуждение» № 24, 1916;А. А. Селиванов;1876;Женщина с озера;1916;художественная;рассказ;;«Пробуждение» № 24, 1916;1916;журнал;омонимия не снята;235;2309;н-возраст;н-уровень;большая;Утомленный тапер барабанит ноктюрны и вальсы, старое разбитое пианино дребезжит и гудит… ;127759:202:3
 тотэ ьтапялан ыботч ,илибертопу ыв инемерв;нрюткон;времени вы употребили, чтобы наляпать этот ;ноктюрн;? -- ;вопрошает прокурор. ;К. И. Чуковский. Литературные черепки // «Волны», 1912;К. И. Чуковский;1882;Литературные черепки;1912;публицистика | нехудожественная;статья;искусство и культура;«Волны»;1912;журнал;омонимия не снята;134;1433;н-возраст;н-уровень;средняя;Сколько времени вы употребили, чтобы наляпать этот ноктюрн? -- вопрошает прокурор. ;73659:70:7
 аларги амам моречев аречВ;ынрюткон;Вчера вечером мама играла ;ноктюрны; ;Шопена и на меня эта музыка;А. А. Аллендорф. Дневник (1907);А. А. Аллендорф;1886;Дневник;1907;бытовая;дневник, записные книжки;частная жизнь | образование;;;электронный текст;омонимия не снята;203;2007;н-возраст;н-уровень;личная;Вчера вечером мама играла ноктюрны Шопена и на меня эта музыка произвела сильное впечатление. ;73946:51:4
 еиксвонепош хануртс хитэ ан ьтарги мотоп;ынрюткон;потом играть на этих струнах шопеновские ;ноктюрны;. ;;И. Ф. Анненский. Драма на дне (1906);И. Ф. Анненский;1855;Драма на дне;1906;публицистика | нехудожественная;статья;искусство и культура | философия | политика и общественная жизнь;«Книга отражений», серия «Литературные памятники»;1979;книга;омонимия не снята;301;4539;н-возраст;н-уровень;большая;Он не моралист, как Короленко, и не будет он бездушными перстами, как кто-нибудь из его собратьев, подвинчивать в наших сердцах струны и канифолить смычок, чтобы потом играть на этих струнах шопеновские ноктюрны. ;77709:130:31
 еиксвонепош хануртс хитэ ан ьтарги мотоп;ынрюткон;потом играть на этих струнах шопеновские ;ноктюрны;. ;;И. Ф. Анненский. Книга отражений (1906);И. Ф. Анненский;1856;Книга отражений;1906;публицистика | нехудожественная;очерк | цикл;искусство и культура;«Серия «Литературные памятники». Иннокентий Ф. Анненский;1979;книга;омонимия не снята;2951;45460;н-возраст;н-уровень;очень большая;Он не моралист, как Короленко, и не будет он бездушными перстами, как кто-нибудь из его собратьев, подвинчивать в наших сердцах струны и канифолить смычок, чтобы потом играть на этих струнах шопеновские ноктюрны. ;72513:1643:31
 еиксвонепош алавадереп одраиВ анилоП ,йокинхет юондохсоверп;ынрюткон;превосходною техникой, Полина Виардо передавала шопеновские ;ноктюрны;, ;вальсы, мазурки, прелюды с выдающеюся экспрессией;Е. И. Апрелева. Из воспоминаний об И. С. Тургеневе (1904);Е. И. Апрелева;1846;Из воспоминаний об И. С. Тургеневе;1904;публицистика | нехудожественная;мемуары;искусство и культура | частная жизнь;И. С. Тургенев в воспоминаниях современников: В 2 т. Т. 2;1983;книга;омонимия не снята;441;7897;н-возраст;н-уровень;большая;Как современница Шопена, лично его знавшая, слышавшая его игру, обладая притом превосходною техникой, Полина Виардо передавала шопеновские ноктюрны, вальсы, мазурки, прелюды с выдающеюся экспрессией и законченностью... ;72555:194:17
 ларги мовтсвуч мыннебосо с и залг;нрюткон;глаз и с особенным чувством играл ;ноктюрн; ;Шопена и добивался-таки того, что;К. М. Станюкович. О чем мечтал мичман (1898);К. М. Станюкович;1843;О чем мечтал мичман;1898;художественная;рассказ;;Станюкович К.M. Собр. соч. В 10 т;1977;книга;омонимия не снята;171;2939;н-возраст;н-уровень;большая;Возмущал он его главным образом потому, что в качестве товарища и бывшего друга знал, что Лютиков влюблен в Нину Васильевну, и вместо того, чтобы не мешать ему, как следовало бы порядочному человеку, и ухаживать за женой какого-нибудь другого чрезмерно тучного или чрезмерно худого капитана первого ранга, он стал ухаживать за Ниной Васильевной, торчал по целым часам, не спускал с нее глаз и с особенным чувством играл ноктюрн Шопена и добивался-таки того, что Лютиков демонстративно уходил мрачный, чувствуя себя бесконечно несчастным и готовым убить Ракушкина, если бы... ;128292:101:66
 тотэ теаргиаз ,илов виторп отсач ,и;нрюткон;и, часто против воли, заиграет этот ;ноктюрн;. ;;П. Д. Боборыкин. Василий Теркин (1892);П. Д. Боборыкин;1836;Василий Теркин;1892;художественная;роман;;П. Д. Боборыкин. Сочинения в трех томах. Т.3;1993;книга;омонимия не снята;15139;143320;н-возраст;н-уровень;очень большая;Бывало, когда муж разобидит ее своим барством и бездушием и уедет в клуб спускать ее прида́нные деньги, она сядет к роялю и, часто против воли, заиграет этот ноктюрн. ;62956:5476:27
 йынченоксеб йовс ьтавыргызар илачан ежу онвад;нрюткон;давно уже начали разыгрывать свой бесконечный ;ноктюрн;, ;сливая его с ровным стрекотом полевых;А. В. Жиркевич. Розги (1892);А. В. Жиркевич;1857;Розги;1892;художественная;рассказ;;Писатели чеховской поры: Избранные произведения писателей 80-90-х годов: В 2-х т. М.: Художественная литература, 1982;1982;книга;омонимия не снята;597;8992;н-возраст;н-уровень;большая;В соседнем болоте лягушки и жабы давно уже начали разыгрывать свой бесконечный ноктюрн, сливая его с ровным стрекотом полевых кузнечиков. ;129203:248:12
 теарги онтохо и укызум тибюл анО;ынрюткон;Она любит музыку и охотно играет ;ноктюрны; ;Шопена, но исполняет их с таким;А. Н. Апухтин. Дневник Павлика Дольского (1891);А. Н. Апухтин;1840;Дневник Павлика Дольского;1891;художественная;повесть | дневник, записные книжки;;А. Н. Апухтин. Сочинения. Стихотворения и проза;1985;книга;омонимия не снята;1306;17131;н-возраст;н-уровень;большая;Она любит музыку и охотно играет ноктюрны Шопена, но исполняет их с таким чувством и так замедляет темп, что их узнать нельзя, а иногда от рассеянности настукивает всякую дребедень. ;62832:105:6
 аларги есв ано ,речев ьсев икшутет;ынрюткон;тетушки весь вечер, она все играла ;ноктюрны;, ;потом подали ужин, потом не знаю;А. Н. Апухтин. Дневник Павлика Дольского (1891);А. Н. Апухтин;1840;Дневник Павлика Дольского;1891;художественная;повесть | дневник, записные книжки;;А. Н. Апухтин. Сочинения. Стихотворения и проза;1985;книга;омонимия не снята;1306;17131;н-возраст;н-уровень;большая;Я просидел у тетушки весь вечер, она все играла ноктюрны, потом подали ужин, потом не знаю, почему... ну, одним словом, я, может быть, лишний раз поцеловал у нее ручку... ;62832:126:9
 еыньлачеп еымас ефра aн усироБ аларги;ынрюткон;играла Борису нa арфе самые печальные ;ноктюрны;. ;;Л. Н. Толстой. Война и мир. Том второй (1867-1869);Л. Н. Толстой;1828;Война и мир. Том второй;1867-1869;художественная;роман;;;;книга;омонимия не снята;7852;116992;н-возраст;н-уровень;очень большая;Жюли играла Борису нa арфе самые печальные ноктюрны. ;68908:6360:7
 ларгызар мозарбо мыньлетатсилб ,ценокаН;нрюткон;Наконец, блистательным образом разыграл ;ноктюрн; ;собственного сочинения, причем некоторые артисты-боги;В. В. Крестовский. Петербургские трущобы. Книга о сытых и голодных. Части 1-3 (1864);В. В. Крестовский;1840;Петербургские трущобы. Книга о сытых и голодных. Части 1-3;1864;художественная;роман;;Крестовский В. В. Петербургские трущобы. Книга о сытых и голодных;1990;книга;омонимия не снята;7370;116911;н-возраст;н-уровень;большая;"Наконец, блистательным образом разыграл ноктюрн собственного сочинения, причем некоторые артисты-боги остались приятно изумлены, а дамы даже совсем забыли своего идола из восточных человеков; после ноктюрна шутя набросал в альбоме премилый эскиз в какие-нибудь четверть часа; за эскизом прошел в комнату, где на зеленом поле шла значительная игра, шутя поставил значительную карту и проиграл; проигравши, скромно вынул из бумажника пачку ассигнаций, отсчитал, что было нужно, доложил еще часть золотом и равнодушно удалился от стола, словно бы подходил туда не более как выпить стакан лимонада. ";65154:2899:4
 алачан яьфоС;нрюткон;Софья начала ;ноктюрн;. ;;И. С. Тургенев. Яков Пасынков (1855);И. С. Тургенев;1818;Яков Пасынков;1855;художественная;рассказ;;И. С. Тургенев. Полное собрание сочинений и писем в 30 т. 2-е изд.;1979;книга;омонимия не снята;1061;11260;н-возраст;н-уровень;большая;Софья начала ноктюрн. ;68968:128:2
 аларгиод ,енм ок ьсалунребо ен ано;нрюткон;она не обернулась ко мне, доиграла ;ноктюрн; ;до конца, встала и закрыла крышку;И. С. Тургенев. Яков Пасынков (1855);И. С. Тургенев;1818;Яков Пасынков;1855;художественная;рассказ;;И. С. Тургенев. Полное собрание сочинений и писем в 30 т. 2-е изд.;1979;книга;омонимия не снята;1061;11260;н-возраст;н-уровень;большая;Щеки Софьи побледнели, но она не обернулась ко мне, доиграла ноктюрн до конца, встала и закрыла крышку рояля. ;68968:149:10
 юен с лавыргызар но ,иираМ етанмок;нрюткон;комнате Марии, он разыгрывал с нею ;ноктюрн; ;в 4 руки, а старуха Леонова;Р. М. Зотов. Два брата, или Москва в 1812 году. Часть I (1850);Р. М. Зотов;1795;Два брата, или Москва в 1812 году. Часть I;1850;художественная;роман;;;;книга;омонимия не снята;3061;35904;н-возраст;н-уровень;большая;Когда он воротился домой, то Саша сидел еще в комнате Марии, он разыгрывал с нею ноктюрн в 4 руки, а старуха Леонова читала в это время «Московские ведомости». ;70046:2872:15
